<configuration>
    <appender name="STDOUT" class="ch.qos.logback.core.ConsoleAppender">
        <encoder>
            <pattern>%d{HH:mm:ss.SSS} [%thread] %-5level %logger{50} - %msg%n</pattern>
        </encoder>
    </appender>
    <root level="warn">
        <appender-ref ref="STDOUT" />
    </root>
    <logger level="info" name="com.couchbase.client.core.CouchbaseCore" />
    <logger level="info" name="io.jaegertracing" />
    <logger level="info" name="com.couchbase.client.core.endpoint" />
</configuration>